Populære søk,Klikk,Visninger,Klikkfrekvens,Plassering
mine kvitteringer,80,157,50.96%,2.27
finne kvittering clas ohlson,37,521,7.1%,1.09
minekvitteringer,20,37,54.05%,1
digital kvittering clas ohlson,18,156,11.54%,1.49
clas ohlson kvittering på nett,15,91,16.48%,1.85
clas ohlson kvittering,14,317,4.42%,4.15
kvitteringer,11,530,2.08%,17.42
clas ohlson kvittering fra butikk,11,69,15.94%,1.04
elkjøp min side,10,2962,0.34%,8.92
elkjøp kvittering,10,970,1.03%,4.65
minekvitteringer.no,10,16,62.5%,1
mypower kvittering,9,421,2.14%,4.03
kvitteringer clas ohlson,9,154,5.84%,3.64
zalando faktura,7,377,1.86%,3.53
digitale kvitteringer,7,365,1.92%,4.35
kvitteringsapp,7,38,18.42%,2.45
elkjøp kvittering på nett,6,444,1.35%,1.4
elkjøp mine ordre,6,436,1.38%,2.26
iphone garanti,5,243,2.06%,4.68
clas ohlson medlem kvittering,5,115,4.35%,5.06
kvittering xxl,5,70,7.14%,5
app for kvitteringer,5,34,14.71%,2.82
kvittering,4,2287,0.17%,7.13
zalando reklamasjon,4,539,0.74%,4.69
kvittering clas ohlson,4,219,1.83%,4.28
xxl kvittering,4,212,1.89%,5.95
elkjøp kvitteringer,4,143,2.8%,3.28
garanti iphone,3,369,0.81%,3.05
reklamasjon zalando,3,255,1.18%,4.14
garanti mobiltelefon,3,239,1.26%,5.43
clas ohlson app,3,124,2.42%,1.25
gyldig kvittering,3,66,4.55%,4.85
komplett kvittering,3,61,4.92%,2.08
zalando betaling,3,45,6.67%,6.07
elektronisk kvittering,3,34,8.82%,5.44
kvittering på kjøp fra privatperson mal,3,23,13.04%,6.87
digital kvittering,2,484,0.41%,17.96
vigo vitnemål,2,336,0.6%,9.23
power kvittering,2,321,0.62%,7.32
kvittering elkjøp,2,307,0.65%,8.64
gratis kvittering app,2,166,1.2%,22.94
beste kamera mobil 2025,2,110,1.82%,9.86
kvitteringer elkjøp,2,97,2.06%,3.47
tesla garanti,2,93,2.15%,10.73
kviteringer,2,80,2.5%,2.48
finn kvittering,2,64,3.12%,8.7
mine kvitteringer elkjøp,2,51,3.92%,2.84
beste kamera mobil 2025 budsjett,2,50,4%,8.32
garanti på møbler,2,43,4.65%,1.67
mine kvitteringer clas ohlson,2,41,4.88%,2.05
jysk kvittering,2,26,7.69%,1.42
kvittering fra privatperson til firma,2,21,9.52%,6.14
kvitterings app,2,20,10%,5.75
formueskatt grense,1,306,0.33%,14.81
garanti hvitevarer,1,258,0.39%,8.48
e-kvittering,1,244,0.41%,2.59
største plattform for digitale kvitteringer,1,221,0.45%,2.48
power min side logg inn,1,176,0.57%,8.72
garanti elektronikk,1,175,0.57%,2.99
clas ohlson retur uten kvittering,1,163,0.61%,1.05
beste mobiltelefon 2025,1,163,0.61%,7.88
power min side,1,163,0.61%,10.17
garanti på mobiltelefon,1,142,0.7%,8.51
formuesskatt 2025,1,141,0.71%,12.12
elkjøp min side logg inn,1,140,0.71%,8.99
beste billige mobil 2025,1,137,0.73%,9.34
kvittering power,1,131,0.76%,5.43
bohus reklamasjon,1,130,0.77%,7.36
beste android telefon 2025,1,113,0.88%,8.78
samsung garanti,1,108,0.93%,5.68
hvor lang garanti på mobil,1,98,1.02%,2.69
beste mobilkamera 2025,1,98,1.02%,7.53
kvittering på kjøp fra privatperson,1,97,1.03%,7.18
kvittering mal,1,89,1.12%,5.97
clas ohlson bytte uten kvittering,1,78,1.28%,1.68
hvordan beregnes formuesskatt,1,76,1.32%,23.25
power mine kjøp,1,71,1.41%,6.25
elkjøp mine kvitteringer,1,70,1.43%,2.99
reklamasjon bohus,1,67,1.49%,7.55
vigo.no vitnemål,1,64,1.56%,9.73
iphone garanti norge,1,63,1.59%,4.22
kvittering app,1,62,1.61%,16.42
beste budsjett telefon 2025,1,58,1.72%,6.64
samsung reklamasjon,1,56,1.79%,7.41
xxl min konto,1,55,1.82%,8.13
elkjøp mine sider,1,52,1.92%,8.79
garanti samsung telefon,1,51,1.96%,3.69
bytterett clas ohlson,1,50,2%,1.22
clas ohlson mine kvitteringer,1,43,2.33%,3.4
clas ohlson reklamasjon,1,38,2.63%,7.61
clas ohlson angrerett,1,31,3.23%,1.58
beste kamera telefon 2025,1,26,3.85%,10.08
beste mobiltelefoner 2025,1,25,4%,8.68
skeidar reklamasjon,1,25,4%,11.04
zalando klage,1,24,4.17%,5.17
beste smarttelefon 2025,1,24,4.17%,7.12
hva er grensen for formueskatt,1,23,4.35%,2.91
kvitteringer app,1,22,4.55%,6.32
betaling zalando,1,21,4.76%,7.14
mal kvittering privat salg,1,21,4.76%,7.71
mistet kvittering regnskap,1,21,4.76%,18.52
garanti samsung tv,1,20,5%,9.65
reklamere zalando,1,19,5.26%,4.05
samsung garanti mobil,1,19,5.26%,5.95
mobiltelefon garanti,1,19,5.26%,8.63
reklamere uten kvittering,1,19,5.26%,10.16
samsung garanti telefon,1,17,5.88%,4.24
app kvitteringer,1,16,6.25%,15.31
garanti briller,1,15,6.67%,6
garanti tv samsung,1,14,7.14%,7
power.no min side,1,11,9.09%,8.18
lage kvittering,1,11,9.09%,25.18
hvordan skrive kvittering,1,10,10%,8.6
formueskatt grense 2025,1,9,11.11%,5.67
garanti samsung vaskemaskin,1,9,11.11%,9.89
garanti på samsung tv,1,8,12.5%,7
mine kjøp power,1,7,14.29%,5.71
zalando delbetaling,1,6,16.67%,7
glemt kode vipps,1,6,16.67%,9
hvordan betale faktura zalando,1,5,20%,2.2
bilagsarkiv,1,3,33.33%,65.67
bytte skjerm samsung,1,1,100%,1
samsung service norge,1,1,100%,5
kvitering,0,350,0%,4.36
formuesskatt grense,0,344,0%,20.74
ordrebekreftelse,0,334,0%,7.97
xxl min side,0,327,0%,6.21
firmabil enkeltpersonforetak,0,304,0%,11.53
kvitteringshåndtering,0,276,0%,4.05
elkjøp mine kjøp,0,270,0%,3.87
har deler av teksten blitt kontrollert av ai-verktøy?,0,232,0%,6.26
kvitteringer lagret på ett sted,0,225,0%,2.92
fysisk butikk digital kvittering,0,222,0%,2.7
kvittering på e-post,0,221,0%,3
firmabil enkeltmannsforetak,0,207,0%,12.74
oppbevaring av faktura,0,198,0%,11.1
min side elkjøp,0,197,0%,8.84
reklamasjonsrett elektronikk,0,190,0%,10.51
fradrag enkeltpersonforetak,0,173,0%,35.73
reklamasjon elektronikk,0,169,0%,12.97
mobil garanti,0,156,0%,8.34
diett regnskap,0,150,0%,59.01
fradrag for næringsdrivende,0,149,0%,60.15
forbrukerkjøpsloven garanti elektronikk,0,146,0%,15.99
mypower logg inn,0,138,0%,9.51
formuesskatt 2022,0,121,0%,72.81
beste telefon 2025,0,119,0%,5.21
ehf peppol,0,111,0%,66.67
kvittering engelsk,0,109,0%,11.6
elektronisk fakturabehandling,0,109,0%,84.51
garanti telefon,0,108,0%,3.28
garanti batteri mobil,0,108,0%,5.63
krav til kvittering,0,107,0%,4.78
garanti på mobil,0,103,0%,9.2
formuesskatt eksempel,0,103,0%,51.31
garanti på elektronikk,0,101,0%,1.58
my power konto,0,101,0%,6.28
oppbevaring av dokumenter,0,100,0%,43.4
garanti på iphone,0,99,0%,3.62
hva dekker garanti på mobil,0,97,0%,3.61
elektronisk fakturahåndtering,0,96,0%,50.97
power kvittering online,0,94,0%,4.61
clas ohlson kvitteringer,0,90,0%,3.97
hvem tilbyr utvidet garanti eller trygghetsavtale på mobiltelefoner?,0,85,0%,3.04
grense for formuesskatt 2025,0,85,0%,10.27
kjøpe firmabil enkeltmannsforetak,0,85,0%,18.99
hvor lang garanti på iphone,0,84,0%,3.69
mine kjøp elkjøp,0,84,0%,5.17
kvitteringsblokk clas ohlson,0,84,0%,7.02
ehf,0,84,0%,54.73
ehf norge,0,83,0%,49.93
faktura zalando,0,81,0%,7.09
ebitdalce norsk,0,81,0%,8.33
ordrebekreftelse eksempel,0,80,0%,11.62
firmabil bompenger,0,80,0%,20.49
ehf faktura,0,77,0%,80.21
clas ohlson min side,0,76,0%,9.89
megaflis reklamasjon,0,75,0%,6.31
lot kode,0,73,0%,10.67
reklamasjon engelsk,0,73,0%,12.36
butikknavn,0,73,0%,51.05
beste mobil 2025,0,71,0%,7.75
elektronisk faktura ehf,0,71,0%,83.35
fradrag hjemmekontor enkeltmannsforetak,0,70,0%,39.33
formuesskatt grense 2025,0,69,0%,9.38
efh system,0,66,0%,11.48
garanti på telefon,0,65,0%,6.15
lot nummer,0,64,0%,10
hvordan beregne formuesskatt,0,64,0%,31.09
hva er ehf-faktura,0,64,0%,71.84
garanti mobil,0,61,0%,4.51
reklamasjonsrett mobiltelefon,0,60,0%,2.6
programvarekvitteringer,0,60,0%,6.92
garanti tesla,0,60,0%,11.25
bilkostnader knyttet til kjøring i yrket,0,60,0%,19.37
iphone eller samsung 2025,0,59,0%,3.61
power kvitteringer,0,59,0%,6.2
clas ohlson app virker ikke,0,56,0%,1.04
tesla nybilgaranti,0,56,0%,11.09
fakturere diett,0,56,0%,16.07
hvor mye er formueskatt,0,55,0%,56.09
beregne formuesskatt,0,54,0%,26.85
dokumentasjon innbruddsalarm,0,54,0%,46.13
beste budsjettmobil 2025,0,53,0%,4.77
grensen for formuesskatt,0,53,0%,13.87
mistet telefon forsikring,0,53,0%,19.68
kvitteringen,0,52,0%,4.5
serienummer,0,52,0%,8.17
power garanti,0,52,0%,10.75
reklamasjon sofa,0,52,0%,31.46
kjøpsbevis,0,50,0%,6.56
hva er ehf faktura,0,49,0%,73.45
er ordrebekreftelse kvittering,0,48,0%,3.27
apple kvitteringer,0,48,0%,9.04
ikea reklamasjon på kjøp,0,47,0%,1.77
garanti møbler,0,47,0%,2.94
hvorfor ehf,0,47,0%,11.43
elkjøp klarna faktura,0,47,0%,12.45
hva er ehf,0,47,0%,47.91
reklamasjonsrett iphone,0,46,0%,4.33
min side power,0,46,0%,10.07
kjøpsavtale,0,46,0%,13.24
hva er nettoformue,0,46,0%,43.09
ebitda,0,46,0%,45.2
garantibevis,0,45,0%,5.62
kvittering vipps,0,45,0%,11.22
hva er grensen for formuesskatt,0,45,0%,17.18
bytterett,0,44,0%,11.3
reklamasjon uten kvittering,0,43,0%,9.67
diettregnskap,0,43,0%,10.44
tv 2 play abonnement oppsigelse,0,43,0%,10.91
ebitda norsk,0,43,0%,17.91
hvor mye formuesskatt,0,43,0%,53.7
hjemmekontor selvstendig næringsdrivende,0,43,0%,62.14
bokettersyn enkeltmannsforetak,0,42,0%,12.43
formuesskatt beregning,0,42,0%,50.64
power mine kvitteringer,0,41,0%,4.34
tv2 play abonnement oppsigelse,0,41,0%,11.1
hvilken iphone skal jeg velge 2025,0,40,0%,1.77
hvor lenge må man ta vare på kvitteringer,0,40,0%,3.9
zalando min side,0,40,0%,9.43
jernia kvittering,0,40,0%,9.57
grense formuesskatt,0,40,0%,25.18
xxl logg inn,0,39,0%,8.79
grense formuesskatt 2025,0,37,0%,9.54
beste iphone 2025,0,37,0%,10.51
beste mobiltelefon 2025 norge,0,36,0%,8.17
nybilgaranti tesla,0,36,0%,11.22
arkivering av regnskapsbilag,0,35,0%,6.17
elkjop min side,0,35,0%,6.91
mobiltelefoner 2025,0,35,0%,10.91
tesla garanti norge,0,34,0%,7.94
kvittering mal pdf,0,34,0%,8.18
clas ohlson medlemstilbud,0,33,0%,4
reklamasjon clas ohlson,0,33,0%,5.12
garanti på hvitevarer,0,33,0%,5.88
min side xxl,0,33,0%,5.88
hvorfor er snl en troverdig kilde,0,33,0%,7.52
my power konto logg inn,0,33,0%,8.39
elkjøp ordrestatus,0,32,0%,4.75
skeidar reklamasjonsskjema,0,32,0%,10
bohus madrass,0,32,0%,13.84
telia garanti,0,32,0%,14.97
ehf-format,0,32,0%,64.38
xxl reklamasjon,0,31,0%,2.1
hva skal en kvittering inneholde,0,31,0%,2.13
spotify kvittering,0,31,0%,4.97
lagre kvitteringer på iphone,0,31,0%,10
vipps kvittering,0,31,0%,11.55
hvor lang reklamasjonsrett på elektronikk,0,30,0%,1.63
minside elkjøp,0,30,0%,8.6
oppbevaringsplikt regnskap,0,30,0%,44.1
zalando faktura betaling,0,29,0%,3.31
telenor garanti mobil,0,29,0%,10.93
hva er ebitda,0,29,0%,16.28
hva er garanti,0,29,0%,41.55
kjøpskontrakt mal,0,29,0%,60.9
elektronisk faktura,0,29,0%,74.45
mest mobil for pengene 2025,0,28,0%,6.5
samsung tv garanti,0,28,0%,6.54
ebitda forklaring,0,28,0%,7.96
garanti,0,28,0%,82.11
bytte clas ohlson,0,27,0%,2.63
xxl kvitteringer,0,27,0%,4.33
kviteringen,0,27,0%,4.63
telefon garanti,0,27,0%,6.41
beste mobilkjøp 2025,0,27,0%,6.48
best mobil 2025,0,27,0%,8.93
power reklamasjon,0,27,0%,10.89
reklamasjon på engelsk,0,27,0%,12
kvittering privat salg,0,27,0%,24.96
regnskapsprogram enk,0,27,0%,73.11
zalando kvittering,0,26,0%,1.23
elektronikk garanti,0,26,0%,2.69
batchnummer,0,26,0%,11.92
bokettersyn enkeltpersonforetak,0,26,0%,13.85
fradrag enkeltmannsforetak,0,26,0%,34.58
yrkesbil enkeltmannsforetak,0,26,0%,34.85
ehf-faktura,0,26,0%,81.81
hvor lang garanti er det på hvitevarer,0,25,0%,7.04
zalando min side logg inn,0,25,0%,9.24
kvittering på engelsk,0,25,0%,12.04
komplett business,0,25,0%,61.72
finne kvittering elkjøp,0,24,0%,1.88
clas ohlson digital kvittering,0,24,0%,5.12
hvor mye er formuesskatten 2025,0,24,0%,6.79
samsung vaskemaskin garanti,0,24,0%,8
er snl en troverdig kilde,0,24,0%,10.54
kjøpsavtale mal,0,24,0%,17.29
elektronisk handelsformat,0,24,0%,19.33
kjell og company reklamasjon,0,23,0%,2.96
kid reklamasjon,0,23,0%,5.57
min power konto,0,23,0%,5.96
hvitevarer garanti,0,23,0%,6.09
kvittering håndtering,0,23,0%,26.17
hvordan regne ut formuesskatt,0,23,0%,39.22
reklamasjonsrett mobil,0,22,0%,4.05
medlem clas ohlson,0,22,0%,4.23
kid retur uten kvittering,0,22,0%,4.59
krav til gyldig kvittering,0,22,0%,5.36
garanti på tv,0,22,0%,8.91
garanti robotstøvsuger,0,22,0%,13.45
formuesskatt fond,0,22,0%,53.77
lag kvittering online,0,22,0%,80.09
formueskatt 2025,0,21,0%,4.76
grense formueskatt,0,21,0%,7.05
garantitid hvitevarer,0,21,0%,7.62
ordrebekreftelse engelsk,0,21,0%,8.57
nesten ny mobil samsung,0,21,0%,66.86
enkel kjøpskontrakt,0,21,0%,70.67
ehf faktura hva er det,0,21,0%,71.95
e-kvitteringer,0,21,0%,86.86
budsjett mobil 2025,0,20,0%,2.35
garanti elektronikk norge,0,20,0%,3.25
skatteetaten formuesskatt satser 2025,0,20,0%,3.75
claes ohlson.no,0,20,0%,3.8
garanti tv,0,20,0%,6.75
kompakt mobil 2025,0,20,0%,10.35
reklamasjon skeidar,0,20,0%,11.55
hvor mye formuesskatt må jeg betale,0,20,0%,48.2
lagring av vareprøver,0,19,0%,6.53
bohus garanti sofa,0,19,0%,7.16
best telefon 2025,0,19,0%,7.32
spotify faktura,0,19,0%,8
regler firmabil enkeltmannsforetak,0,19,0%,12.53
hva er avbetaling,0,19,0%,30.37
fakturering via mobil,0,19,0%,37
beregning av formuesskatt,0,19,0%,59.58
byttelapp clas ohlson,0,18,0%,1.89
zalando klage på vare,0,18,0%,4.28
hva er en ordrebekreftelse,0,18,0%,5.67
reklamasjon megaflis,0,18,0%,6.11
zalando kontonummer,0,18,0%,8.39
hvor lang garanti på vaskemaskin,0,18,0%,8.44
oppbevaring av regnskapsbilag,0,18,0%,9
formuesskatt norge sats 2025,0,18,0%,10.61
reklamasjon iphone,0,18,0%,14.39
beregn formuesskatt,0,18,0%,45.11
oppbevaring regnskap,0,18,0%,49.78
ehf format,0,18,0%,58.56
kvitteringer på mobilen,0,18,0%,66.44
retur clas ohlson,0,17,0%,2
ordrebekreftelse som kvittering,0,17,0%,2.47
clas ohlson,0,17,0%,4.65
feno as,0,17,0%,4.76
skanne kvitteringer app,0,17,0%,4.82
garanti samsung mobil,0,17,0%,4.94
hva er lot nummer,0,17,0%,8.59
clasohlson.no,0,17,0%,10.59
elkjøp reklamasjon epost,0,17,0%,11.12
fakturanummer på kvittering,0,17,0%,11.59
elektronisk fakturering,0,17,0%,42.71
kvittering på mobil,0,17,0%,61.88
clas ohlson gavekort saldo,0,16,0%,1
kvittering mal word,0,16,0%,2.69
clas ohlson order tracking,0,16,0%,3
clas ohlson faktura,0,16,0%,3.38
garanti iphone 6,0,16,0%,3.44
clas ohlson bli medlem,0,16,0%,4.56
xxl sport & villmark,0,16,0%,6.19
samsung mobil garanti,0,16,0%,6.25
android telefoner 2025,0,16,0%,8.81
forbedre ebitda,0,16,0%,9.75
mistet kvittering,0,16,0%,9.75
hvor lang garanti på tv,0,16,0%,10.81
oppbevaring av regnskap 10 år,0,16,0%,31
elektronisk faktura offentlig,0,16,0%,32.75
garanti på elektronikk i norge,0,15,0%,1
iphone 15 garanti,0,15,0%,1.6
clas ohlson bytterett,0,15,0%,1.93
clas ohlson bytte,0,15,0%,3.4
clas ohlson retur,0,15,0%,3.6
garanti samsung,0,15,0%,3.67
hvor mye er formueskatten i 2025,0,15,0%,4.27
hva betyr ebitda,0,15,0%,5.47
beste mobiler 2025,0,15,0%,7.2
formuesskatt norge 2025 sats,0,15,0%,8.47
power ordre,0,15,0%,8.93
beste tlf 2025,0,15,0%,9.73
diett enkeltpersonforetak,0,15,0%,9.73
garanti på tesla,0,15,0%,10.87
reklamasjon hvitevarer,0,15,0%,14.2
bokettersyn tips,0,15,0%,40.47
reklamasjon vaskemaskin,0,15,0%,42.8
min økonomi,0,15,0%,75.93
samsung servicesenter,0,14,0%,2.43
samsung telefon garanti,0,14,0%,5
scan kvitteringer app,0,14,0%,5.21
spør grok ai,0,14,0%,9.29
garanti power,0,14,0%,10.07
håndskrevet kvittering,0,14,0%,12
garanti service hvitevarer,0,14,0%,12.64
garanti vaskemaskin,0,14,0%,13.43
mal kvittering,0,14,0%,21.93
oppbevaring regnskapsmateriale,0,14,0%,28.43
få styr på din økonomi,0,14,0%,39.14
er faktura det samme som kvittering,0,13,0%,3.38
zalando reklamasjon sko,0,13,0%,4.08
reklamasjon kid,0,13,0%,6.15
lagring av regnskapsinteresse,0,13,0%,9.46
reklamasjon power,0,13,0%,10.08
iphone reklamasjon,0,13,0%,10.85
nyeste iphone 2025 pris,0,13,0%,10.85
lagre kort nettbutikk,0,13,0%,11.92
reklamasjon mobiltelefon,0,13,0%,12.23
grense for formuesskatt,0,13,0%,12.92
kvittering for kjøp,0,13,0%,31.92
hvor lenge må man oppbevare regnskap,0,13,0%,36.38
når må man betale formueskatt,0,13,0%,55.92
app til kvitteringer,0,13,0%,61.15
hva er kvitteringsnummer,0,12,0%,3.25
xxl garanti,0,12,0%,3.58
ordrenummer på engelsk,0,12,0%,5
min side,0,12,0%,6.08
reklamasjonsrett hvitevarer,0,12,0%,7.75
garanti nettbrett,0,12,0%,8.75
grense for formueskatt,0,12,0%,8.75
formuesskatt sats norge 2025,0,12,0%,9.33
hvordan føre digital kjørebok i et enkeltpersonforetak?,0,12,0%,10.17
apple kvittering,0,12,0%,10.33
impregnering sofa bohus,0,12,0%,11.25
mva parkering,0,12,0%,15.08
en kvittering,0,12,0%,21.58
best pris iphone,0,12,0%,41.75
brukt nettbrett med garanti,0,12,0%,42
leie kontor i egen bolig enkeltmannsforetak,0,12,0%,48.58
butikknavn forslag,0,12,0%,54.58
hva er netto formue,0,12,0%,69.25
oppbevare regnskap,0,12,0%,83.75
salgskvittering,0,11,0%,1
er faktura og kvittering det samme,0,11,0%,2.18
hva er lot kode,0,11,0%,2.82
google pixel garanti,0,11,0%,3.18
garanti på kjøleskap,0,11,0%,4.82
garantitid iphone,0,11,0%,7.45
bytte uten kvittering,0,11,0%,7.64
bohus garanti,0,11,0%,8.45
min side clas ohlson,0,11,0%,9.91
finnes det en pålitelig app for kjørebok firmabil i 2025?,0,11,0%,10.09
power angrerett,0,11,0%,10.36
min elkjøp,0,11,0%,11.09
ebita betydning,0,11,0%,11.36
populære telefoner,0,11,0%,13.45
reklamasjon briller,0,11,0%,13.73
firmabil i enkeltmannsforetak,0,11,0%,13.91
lagring av dokumenter,0,11,0%,54.82
beste arbeidstelefon,0,11,0%,56.64
digital fakturering,0,11,0%,58.18
regnskapsprogram for enkeltpersonforetak,0,11,0%,85.55
spesifisert kvittering,0,10,0%,1
hvor står kvitteringsnummer,0,10,0%,1.8
clas ohlson reklamasjon uten kvittering,0,10,0%,2
reklamasjon på elektronikk,0,10,0%,2
anbefalt iphone 2025,0,10,0%,2.2
garanti iphone 15,0,10,0%,2.3
hvor lenge må man ta vare på regnskapsbilag,0,10,0%,3.2
hvor lang garanti er det på iphone,0,10,0%,3.3
beste lagringsregnskap renter,0,10,0%,6.2
xxl faktura,0,10,0%,6.5
beste iphone kjøp 2025,0,10,0%,6.7
bohus reklamasjon sofa,0,10,0%,7.1
reklamasjon samsung,0,10,0%,7.3
tv garanti,0,10,0%,7.3
ebitdalce norsk betydning,0,10,0%,7.5
klage zalando,0,10,0%,7.5
hvor lang garanti på oppvaskmaskin,0,10,0%,7.7
bohus klage,0,10,0%,7.8
komplett min side,0,10,0%,8.5
samsung garanti tv,0,10,0%,8.8
google kvitteringer,0,10,0%,8.9
vigo.no,0,10,0%,9.6
power find kvittering,0,10,0%,9.9
spotify betalingskort,0,10,0%,10.2
reklamasjonsrett engelsk,0,10,0%,10.4
jysk retur uten kvittering,0,10,0%,10.6
skeidar garanti,0,10,0%,11.5
komplett faktura,0,10,0%,12.6
kjøpe bil på enkeltmannsforetak,0,10,0%,15.3
garanti hvitevarer power,0,10,0%,15.9
mine sider lagring,0,10,0%,18.9
oppbevaring av regnskapsmateriale,0,10,0%,21.6
garanti bil,0,10,0%,30.7
bruttoformue,0,10,0%,35.6
hvor lenge oppbevare regnskap,0,10,0%,36.7
ødelagte solbriller forsikring,0,10,0%,63.4
mva ved kjøp fra privatperson,0,10,0%,65.5
reiseutgifter,0,10,0%,68.9
mediekjøp,0,10,0%,73.7
årets mobil 2025,0,9,0%,1.33
garanti iphone 13,0,9,0%,2.56
clas ohlson nettbutikk,0,9,0%,2.67
hva er grensa for formueskatt,0,9,0%,3.33
budsjett telefon 2025,0,9,0%,3.78
clas ohlson medlemskap,0,9,0%,4
formuesskatt norge 2025,0,9,0%,5.44
iphone garantitid,0,9,0%,5.67
elkjøp ordrenummer,0,9,0%,6.33
elkjøp.no min side,0,9,0%,6.89
imei samsung,0,9,0%,7
partinummer,0,9,0%,7.78
samsung serienummer,0,9,0%,8
ebit norsk,0,9,0%,8.67
macbook air garanti,0,9,0%,9
best mobiltelefon 2025,0,9,0%,10
garanti macbook air,0,9,0%,10.22
telefon 2025,0,9,0%,10.22
hva står ehf for,0,9,0%,13.11
posten returetikett,0,9,0%,27.89
bruk av privat bil i næring,0,9,0%,33.11
solbriller reparasjon,0,9,0%,57.78
ehf format faktura,0,9,0%,66
elektronisk leveringsbevis,0,9,0%,69.78
etiketter og kvitteringer,0,9,0%,74.44
håndslokker i orden,0,9,0%,74.78
hvordan føre bilag,0,9,0%,92.89
serienummer vaskemaskin,0,8,0%,1
kvittering uno x,0,8,0%,2
angrerett clas ohlson,0,8,0%,2.5
iphone 6 garanti,0,8,0%,3
power garanti iphone,0,8,0%,3.38
garanti tlf,0,8,0%,4.38
ikea garanti,0,8,0%,4.38
hvor høy er formuesskatten 2025,0,8,0%,4.5
mobilmerker,0,8,0%,7.12
proshop rma,0,8,0%,7.25
formuesskatt 2025 sats,0,8,0%,7.62
hva betyr ebit,0,8,0%,8.25
formuesskatt sats 2025,0,8,0%,9.38
beste kjøp mobiltelefon,0,8,0%,9.62
min side elkjop,0,8,0%,9.62
elkjøp ordre,0,8,0%,9.75
lotnummer,0,8,0%,9.75
zalando garanti,0,8,0%,10
tesla garantier,0,8,0%,10.12
oppsigelse tv2 play,0,8,0%,11.5
the voice billetter,0,8,0%,12.5
power returrett,0,8,0%,13.25
samsung mobil best,0,8,0%,41.75
registrere bil på firma,0,8,0%,79
bokføring for nettbutikk,0,8,0%,84.62
hva er bunnfradraget på formuesskatt,0,7,0%,1
clas ohlson byttelapp,0,7,0%,1.43
unox kvittering,0,7,0%,2
clas ohlson ordernummer,0,7,0%,2.14
formueskatt norge 2025,0,7,0%,3.43
elkjop kvittering,0,7,0%,4.14
skatt på formue 2025,0,7,0%,6.29
iphone 6s batteri garanti,0,7,0%,6.43
kvittering finn.no,0,7,0%,6.57
ordrebekreftelse på engelsk,0,7,0%,7
formuesskatt prosent 2025,0,7,0%,7.14
kvittering apple,0,7,0%,9.14
clas ohlson kundeklubb,0,7,0%,9.71
garanti på briller,0,7,0%,10.43
bruk av privatbil i næring enkeltmannsforetak,0,7,0%,11.29
reklamasjonsrett telefon,0,7,0%,11.71
minste smarttelefon 2025,0,7,0%,14.57
ebitda betyr,0,7,0%,14.71
reklamasjon service hvitevarer,0,7,0%,15.86
e kvittering,0,7,0%,26.14
garanti norge elektronikk,0,7,0%,29.43
hvor lenge skal regnskap oppbevares,0,7,0%,38
hvilken samsung mobil skal jeg velge,0,7,0%,49.71
faktura ark,0,7,0%,51.29
best pris på mobil,0,7,0%,61.29
brukt mobil garanti,0,7,0%,62.57
regnskapsprogram enkeltpersonforetak,0,7,0%,80.14
clas ohlson bytte varer,0,6,0%,1
elektronikk garanti norge,0,6,0%,1
garanti på vaskemaskin,0,6,0%,1
kviterring,0,6,0%,1
lagring av markedsmateriell,0,6,0%,1
elektroniske kvitteringer,0,6,0%,1.17
samsung forsikring,0,6,0%,2
garanti google pixel,0,6,0%,2.17
garanti ikea,0,6,0%,2.83
kjøleskap garanti,0,6,0%,3
iphone 6 garantie,0,6,0%,3.17
kvittering online,0,6,0%,3.17
klikk og hent clas ohlson,0,6,0%,4
garanti sofa,0,6,0%,5
krumkakejern clas ohlson,0,6,0%,5.33
hva er grensen på formueskatt,0,6,0%,5.67
xxl retur nettbutikk,0,6,0%,5.67
elkjøp garanti uten kvittering,0,6,0%,6.33
oppbevaring av bilag,0,6,0%,6.33
mobile garanti,0,6,0%,7.83
nye mobiltelefoner 2025,0,6,0%,7.83
hva er ebit,0,6,0%,8.17
mine kjøp,0,6,0%,9.17
ordrenummer engelsk,0,6,0%,9.5
beste skjerm hjemmekontor 2024 norge under 3000 kr,0,6,0%,9.67
mitt power,0,6,0%,10
mangler kvittering regnskap,0,6,0%,10.17
formueskatt norge sats 2025,0,6,0%,10.33
mine kjøp apple,0,6,0%,10.33
budsjett app best i test,0,6,0%,10.5
hvor skal kvitteringer kastes,0,6,0%,10.83
hva er formuesskatten i norge i 2025,0,6,0%,11.17
tv2 play oppsigelse,0,6,0%,11.17
faktura kvittering,0,6,0%,17.67
hvor lenge må man ta vare på regnskap,0,6,0%,17.83
ebitda formel,0,6,0%,34.17
kvitteringsnummer på kvittering,0,6,0%,36.67
beste smarttelefon,0,6,0%,49.67
ordresystem,0,6,0%,54.67
beste smarttelefoner,0,6,0%,67
hvorfor digitalisere,0,6,0%,68.5
nesten ny samsung,0,6,0%,72.5
servicehistorikk på bil,0,6,0%,80.83
selge fakturaer,0,6,0%,87.17
kontrakt for håndverkertjenester,0,6,0%,91.33
app clas ohlson,0,5,0%,1
bestillingsbekreftelse,0,5,0%,1
formueskatt,0,5,0%,1
hva er en gyldig kvittering,0,5,0%,1
nye samsung telefoner 2025,0,5,0%,1
selge bil enkeltmannsforetak,0,5,0%,1
xxl bytte uten kvittering,0,5,0%,1.4
mobiltest 2025,0,5,0%,3.2
bilutgifter,0,5,0%,4.4
bli medlem clas ohlson,0,5,0%,4.4
"for at appen skal fungere er vi avhengige av at forbrukerne selv legger inn 
kvitteringer for at prisene skal oppdateres.",0,5,0%,4.8
hvor mye formuesskatt på 2 millioner,0,5,0%,4.8
nye mobiler 2025,0,5,0%,5.2
samsung garanti norge,0,5,0%,5.8
privat kvittering,0,5,0%,7
garanti kjøleskap,0,5,0%,7.2
hvilke smarttelefoner gir mest for pengene?,0,5,0%,7.2
kontonummer zalando,0,5,0%,7.2
lot-nummer,0,5,0%,8
hva er ebita,0,5,0%,8.2
serienummer samsung,0,5,0%,8.2
power ordrenummer,0,5,0%,8.6
beste billig mobil 2025,0,5,0%,9.2
hvor mye formue må man ha for å betale formuesskatt,0,5,0%,9.2
xbox garanti,0,5,0%,9.2
formueskatt sats norge 2025,0,5,0%,9.4
jysk bytte uten kvittering,0,5,0%,9.8
power bytterett,0,5,0%,10.4
laptop garanti,0,5,0%,10.6
clas ohlson medlem,0,5,0%,11.6
hvordan beregne formue,0,5,0%,11.6
kvitteringer engelsk,0,5,0%,12
madrass bohus,0,5,0%,13.2
kjøregodtgjørelse enkeltpersonforetak,0,5,0%,13.8
valutaomva,0,5,0%,19.8
dokumentasjon på utført arbeid,0,5,0%,20.2
løsninger for fakturering basert på bruk,0,5,0%,31
komplett laptop,0,5,0%,34.8
skattefradrag enkeltpersonforetak,0,5,0%,35
pc mappe clas ohlson,0,5,0%,36.8
enkeltpersonforetak fradrag,0,5,0%,40
hva er sms kvitteringsmelding,0,5,0%,43.4
samle kvitteringer,0,5,0%,46.6
xxl no retur,0,5,0%,47.4
oppbevaring av regnskap,0,5,0%,47.8
enkel salgskontrakt,0,5,0%,49.4
ehf fakturering,0,5,0%,56.4
bokføring nettbutikk,0,5,0%,79.4
oversikt nettbutikker,0,5,0%,88.2
formueskatt norge,0,4,0%,1
formuesskatt,0,4,0%,1
hvor mye er formuesskatten,0,4,0%,1
hvor mye må man ha for å betale formuesskatt,0,4,0%,1
rabatt xxl,0,4,0%,1
regning zalando,0,4,0%,1
oneplus garanti,0,4,0%,1.25
kvittering mal gratis,0,4,0%,2.25
clas ohlson prismatch,0,4,0%,2.5
my power.no,0,4,0%,2.5
clas ohlson garanti,0,4,0%,3.5
hva er serienummer,0,4,0%,3.5
hva står ebitda for,0,4,0%,3.5
reklamasjonsrett,0,4,0%,3.5
www.clasohlson.com no,0,4,0%,3.5
cotech clas ohlson,0,4,0%,3.75
garanti på stekeovn,0,4,0%,4.5
kvitteringer power,0,4,0%,4.5
garanti på oppvaskmaskin,0,4,0%,4.75
kvittering regler,0,4,0%,5.5
mobile,0,4,0%,5.75
clas ohlson alta,0,4,0%,6.25
hvor mye formuesskatt på 5 millioner,0,4,0%,6.5
nye telefoner 2025,0,4,0%,6.5
samsung garanti vaskemaskin,0,4,0%,6.5
sats formuesskatt 2025,0,4,0%,7
www.clasohlson.no,0,4,0%,7
online kvittering,0,4,0%,7.25
telefon,0,4,0%,7.25
vigo karakterutskrift,0,4,0%,8.5
kvittering fra vipps,0,4,0%,9
sony mobil 2026,0,4,0%,9.25
apple iphone garanti,0,4,0%,9.5
formue 2025,0,4,0%,9.5
iphone 16 garanti,0,4,0%,9.5
playstation garanti,0,4,0%,9.75
hvordan regnes formue,0,4,0%,11
power garanti mobil,0,4,0%,11.25
beste kameramobil 2025,0,4,0%,11.75
parkering mva,0,4,0%,11.75
tesla garanti batteri,0,4,0%,11.75
firmatur enkeltmannsforetak,0,4,0%,14
digital dokumentasjon regnskapsfører,0,4,0%,15.5
ebitda på norsk,0,4,0%,16.75
garanti oppvaskmaskin,0,4,0%,17
power retur,0,4,0%,19.25
ikke kvittering for kjøp,0,4,0%,22
reklamasjon møbler,0,4,0%,23.5
garanti mobiltelefon elkjøp,0,4,0%,25.75
kundefakturaer,0,4,0%,32.75
kjøregodtgjørelse enk,0,4,0%,39
kjøp og salg på finn,0,4,0%,40.5
mellom private enkel kjøpekontrakt,0,4,0%,47.5
nettoformue,0,4,0%,54.25
hva betyr ehf,0,4,0%,55.75
hvor mye er formuesskatt,0,4,0%,57.75
verktøy clas ohlson,0,4,0%,61.75
kjøp hvitevarer,0,4,0%,63.5
hva er en ehf faktura,0,4,0%,68.5
kontormøbler montering,0,4,0%,76
oversikt over nettbutikker,0,4,0%,77.75
clas ohlson verktøy,0,4,0%,78.75
kontrakt mellom privatpersoner,0,4,0%,83.75
selvbetjeningskasse,0,4,0%,87.5
produkt garanti,0,4,0%,88.25
formuesskatt 2025 prosent,0,3,0%,1
garanti elektronik,0,3,0%,1
hva betyr ebitda på norsk,0,3,0%,1
hva er ordrereferanse,0,3,0%,1
hvordan lage kvittering,0,3,0%,1
smultringmaskin clas ohlson,0,3,0%,1
skeidar seng garanti,0,3,0%,1.33
faktura på zalando,0,3,0%,1.67
clas ohlson bilder,0,3,0%,2
clas ohlson prisgaranti,0,3,0%,2
club clas,0,3,0%,2
parim telefon 2025,0,3,0%,2
garanti clas ohlson,0,3,0%,2.33
rema 1000 kvittering,0,3,0%,2.33
xxl nettbutikk,0,3,0%,2.67
nille kvittering,0,3,0%,3
medlemskap clas ohlson,0,3,0%,3.33
formuesskatten 2025,0,3,0%,3.67
clas ohlson åpent kjøp,0,3,0%,4.33
clas ohlson.com,0,3,0%,4.33
få kvitteringer på mobilen,0,3,0%,4.33
cel mai bun telefon 2025,0,3,0%,4.67
clas ohlson klubb,0,3,0%,5
fake kvittering,0,3,0%,5.33
fenalårstativ clas ohlson,0,3,0%,5.33
reklamere på glidelås jakke,0,3,0%,5.67
krav til kvittering utlegg,0,3,0%,6
logg inn clas ohlson,0,3,0%,6
top 10 telefon 2025,0,3,0%,6.33
faktura vs kvittering,0,3,0%,7
garantitid tv,0,3,0%,7
"hvem tilbyr de beste pakkeprisene på mobiltelefon og tilbehør som 
hodetelefoner?",0,3,0%,7
xiaomi garanti,0,3,0%,7.33
bytte lego uten kvittering,0,3,0%,7.67
bästa mobilen 2025,0,3,0%,7.67
kløpinne clas ohlson,0,3,0%,7.67
kvittering eksempel,0,3,0%,8
elkjøp logg inn,0,3,0%,8.33
imei nr samsung,0,3,0%,8.33
jysk garanti sofa,0,3,0%,8.33
power no min side,0,3,0%,8.33
spotify fakturering,0,3,0%,8.33
tv2 si opp abonnement,0,3,0%,8.33
zalando betalingsmetoder,0,3,0%,8.33
formuesskatt sats 2025 norge,0,3,0%,8.67
kjell & company garanti,0,3,0%,9
mobil med bra kamera 2025,0,3,0%,9
serienummer samsung telefon,0,3,0%,9
sparebøsse clas ohlson,0,3,0%,9
vitnemål vigo,0,3,0%,9
returetikett zalando,0,3,0%,9.33
garanti zalando,0,3,0%,9.67
bordklokke clas ohlson,0,3,0%,10
bytte gave uten kvittering,0,3,0%,10
clas olson.no,0,3,0%,10
formuesskatt satser norge 2025,0,3,0%,10
zalando konto nummer,0,3,0%,10
beste samsung mobil,0,3,0%,10.33
bunnfradrag formuesskatt 2025 1 760 000,0,3,0%,10.33
tesla nybilsgaranti,0,3,0%,10.33
formel ebitda,0,3,0%,10.67
kjell og company garanti,0,3,0%,11
zalando e post,0,3,0%,11
power klage på produkt,0,3,0%,11.33
reklamasjon tesla,0,3,0%,11.33
angrefrist power,0,3,0%,11.67
2025 telefon,0,3,0%,12
reklamasjon på klær,0,3,0%,12
garanti på robotstøvsuger,0,3,0%,12.33
hvor står batch nummer,0,3,0%,12.67
netonnet garanti,0,3,0%,12.67
når beregnes formuesskatt,0,3,0%,13
ebita betyr,0,3,0%,13.67
bunnfradrag formuesskatt 2025,0,3,0%,16.33
hvor mye formue før formueskatt,0,3,0%,17
posten reklamasjon,0,3,0%,17.67
mistet iphone forsikring,0,3,0%,18.67
vaskemaskin garanti,0,3,0%,20.33
angrerett power,0,3,0%,20.67
reiseutlegg,0,3,0%,20.67
returetikett,0,3,0%,20.67
salgsavtale mal,0,3,0%,22
clas ohlson kundeservice,0,3,0%,23.33
fradrag for reiseutgifter,0,3,0%,26
garanti ipad,0,3,0%,26.33
leasing bil enkeltmannsforetak,0,3,0%,30
beste mobiltelefon,0,3,0%,31
registrere bil på enkeltmannsforetak,0,3,0%,31
hvor mye betaler man i formuesskatt,0,3,0%,32.67
fradrag pc enkeltmannsforetak,0,3,0%,34
fradrag telefon enkeltmannsforetak,0,3,0%,36
hp elkjøp,0,3,0%,36.67
kortreklamasjon,0,3,0%,43
kvitto clas ohlson,0,3,0%,44.67
kvittering uten oblat,0,3,0%,45
apple garanti norge,0,3,0%,46.33
elkjøp samsung telefon,0,3,0%,48
hva er ehf fakturering,0,3,0%,48
vannskade mac pris,0,3,0%,49.33
kraftig laptop,0,3,0%,59
hva er et bilag,0,3,0%,63.67
kjøpe samsung mobil,0,3,0%,64
salgskontrakt mal,0,3,0%,67.67
ebitda definisjon,0,3,0%,75
hvordan få kvittering på nettbank,0,3,0%,76
faktura kvittering forskel,0,3,0%,80.33
hvordan velge oppbevaringssystem for verktøy,0,3,0%,84.67
hvilken firmabil skal jeg velge,0,3,0%,86.67
kostnad firmabil,0,3,0%,96.67
claes ohlsson.no,0,2,0%,1
clas ohlson årnes,0,2,0%,1
få orden på økonomien,0,2,0%,1
garanti på hvitevarer i norge,0,2,0%,1
garanti småelektronikk,0,2,0%,1
hvor lenge må regnskap lagres,0,2,0%,1
hvor mye må man ha i formue for å betale formueskatt,0,2,0%,1
kvittering eller faktura,0,2,0%,1
kvitteringer online,0,2,0%,1
samsung service center oslo,0,2,0%,1
samsung service oslo,0,2,0%,1
clas ohlson mo i rana anmeldelser,0,2,0%,1.5
clas ohlson osøyro,0,2,0%,1.5
billig mobiltelefon,0,2,0%,2
clas ohlson photos,0,2,0%,2
mobiltelefon,0,2,0%,2
møbelringen prisgaranti,0,2,0%,2
online kvitteringer,0,2,0%,2
xxl.no,0,2,0%,2
chlas ohlson,0,2,0%,2.5
clas ohlson online,0,2,0%,2.5
elkjøp logg inn telefonnummer,0,2,0%,2.5
power.no,0,2,0%,2.5
bästa mobilkameran 2025,0,2,0%,3
clas,0,2,0%,3
clas ohlson prismatch norge,0,2,0%,3
ikea garanti seng,0,2,0%,3
klubbmedlem clas ohlson,0,2,0%,3
kvalitet møbler,0,2,0%,3
xxl medlem,0,2,0%,3
claes ohlson,0,2,0%,3.5
åpent kjøp clas ohlson,0,2,0%,3.5
app til kvitteringer privat,0,2,0%,4
clas ohlson leknes,0,2,0%,4
garanti iphone 7,0,2,0%,4
skatt formue 2025,0,2,0%,4
clas ohlson medlemsfordeler,0,2,0%,4.5
motorola garanti,0,2,0%,4.5
billig mobil,0,2,0%,5
bästa mobil 2025,0,2,0%,5
clas ohlson bodø,0,2,0%,5
elkjøp fredrikstad,0,2,0%,5
kvittering meaning,0,2,0%,5
netonnet kvittering,0,2,0%,5
clas ohlson vinstra,0,2,0%,5.5
faktura,0,2,0%,5.5
formuesskatt på 2 millioner,0,2,0%,5.5
clas ohlson haugesund,0,2,0%,6
formuesskatt 2025 grense,0,2,0%,6
bedste mobiltelefon 2025,0,2,0%,7
best laptop 2025,0,2,0%,7
claes olsson.no,0,2,0%,7
clas ohlson medlemskort,0,2,0%,7
gravlykter clas ohlson,0,2,0%,7
my power konto login,0,2,0%,7
ny telefon,0,2,0%,7
zalando bankkonto,0,2,0%,7
zalando ordrenummer,0,2,0%,7
beste android 2025,0,2,0%,7.5
hvor lenge varer garanti på iphone,0,2,0%,7.5
hvordan finne produksjonsår på hvitevarer,0,2,0%,7.5
finne imei nummer samsung,0,2,0%,8
power logg inn,0,2,0%,8
serie nummer,0,2,0%,8
zalando betalning,0,2,0%,8
power retur elektronikk,0,2,0%,8.5
bästa mobiltelefonen 2025,0,2,0%,9
faktura spotify,0,2,0%,9
hvordan bruke privat bil i næring og få fradrag?,0,2,0%,9
garanti apple iphone,0,2,0%,9.5
garanti playstation,0,2,0%,9.5
garantier tesla,0,2,0%,9.5
hva er kvittering på engelsk,0,2,0%,9.5
garanti stekeovn,0,2,0%,10
kvitering på engelsk,0,2,0%,10
laptop merken top 10,0,2,0%,10
80 000 laptop,0,2,0%,10.5
elkjøp konto,0,2,0%,10.5
hvordan regnes formueskatten ut,0,2,0%,10.5
min side komplett,0,2,0%,10.5
power kjøpsgaranti,0,2,0%,10.5
top telefon 2025,0,2,0%,10.5
damprist clas ohlson,0,2,0%,11
enkel kjøpekontrakt,0,2,0%,11
garanti batteri tesla,0,2,0%,11
garanti tesla batteri,0,2,0%,11
reklamasjonsrett klær,0,2,0%,11
dokumentasjon håndverker,0,2,0%,11.5
kvitering engelsk,0,2,0%,11.5
tv2 play oppsigelsestid,0,2,0%,11.5
gamle nokia telefoner verdi,0,2,0%,12
garanti på årbok kvalitet,0,2,0%,12
bil i enkeltpersonforetak,0,2,0%,12.5
beste laptop 2025,0,2,0%,13.5
vipps innlogging,0,2,0%,13.5
zalando logga in faktura,0,2,0%,13.5
enkeltpersonforetak bil,0,2,0%,15
nyttårsforsetter 2026,0,2,0%,18.5
test mobiltelefon mellomklasse 2025,0,2,0%,18.5
reklamasjon xxl,0,2,0%,20
gamle telefoner verdi,0,2,0%,20.5
må man ha kvittering for å reklamere,0,2,0%,21
iphone batteri garanti,0,2,0%,22
bankbilag,0,2,0%,22.5
kjøpe bil enkeltpersonforetak,0,2,0%,23
privatbil i næring,0,2,0%,23
kundeservice elkjøp epost,0,2,0%,24.5
oppvaskmaskin garanti,0,2,0%,25
overtidsmat enkeltpersonforetak,0,2,0%,25
beste samsung mobil kamera,0,2,0%,25.5
når får man formueskatt,0,2,0%,26.5
tesla model 3 garanti,0,2,0%,28
ebit vs ebitda norsk,0,2,0%,28.5
hvor høy er formuesskatten,0,2,0%,28.5
bil garanti,0,2,0%,30.5
reklamasjon mobil,0,2,0%,31.5
hva er bruttoformue,0,2,0%,32.5
amortisation norsk,0,2,0%,33
ehf betyr,0,2,0%,35
conta ehf,0,2,0%,37.5
forretningsreise,0,2,0%,38
nokia 3310 tilbehør,0,2,0%,38
butikkforsikring,0,2,0%,39.5
løsninger for skanning,0,2,0%,40.5
iphone best pris,0,2,0%,42
hvordan beregnes formue,0,2,0%,43
hvordan gi vurdering på finn,0,2,0%,43
oppbevaring av regnskap etter avvikling,0,2,0%,43
clas ohlson papir,0,2,0%,43.5
hvad skal en kvittering indeholde,0,2,0%,44.5
komplett mobiltelefon,0,2,0%,45
nettoformue beregning,0,2,0%,45
når må man betale formuesskatt,0,2,0%,45.5
privat bil i næring,0,2,0%,45.5
ehf faktura format,0,2,0%,46.5
returnering power,0,2,0%,46.5
returret power,0,2,0%,46.5
xxl.no retur,0,2,0%,48
onecall garanti,0,2,0%,50.5
clas ohlson mobil,0,2,0%,51
hva kan man skrive av på enkeltmannsforetak,0,2,0%,51.5
test mobiltelefon 2025,0,2,0%,54.5
xxl returnere i butikk,0,2,0%,55.5
skrive av på skatten enkeltmannsforetak,0,2,0%,60.5
hva er bilag,0,2,0%,64